player_id,status,hits,last_searched
player:m-barrett-fohenagh,full,11,2026-10-10
player:m-barrett-fohenagh-camogie,full,11,2026-10-10
player:mike-barrett-fohenagh,full,1,2026-10-10
player:frank-bleahan-fohenagh,full,4,2026-10-10
player:thomas-bleahene-fohenagh,full,7,2026-10-10
player:gerry-burke-fohenagh,full,11,2026-10-10
player:packie-burke-fohenagh,full,5,2026-10-10
player:mark-carrick-fohenagh,full,1,2026-10-10
player:sean-carrig-fohenagh,full,3,2026-10-10
player:p-carroll-fohenagh,full,6,2026-10-10
player:b-clinton-fohenagh-camogie,full,2,2026-10-10
player:p-clinton-fohenagh-camogie,none,0,2026-10-10
player:rita-clinton-fohenagh-camogie,full,5,2026-10-10
player:t-clinton-fohenagh,full,5,2026-10-10
player:mick-coen-fohenagh,full,2,2026-10-10
player:jimmy-corry-fohenagh,full,3,2026-10-10
player:shane-costello-fohenagh,full,24,2026-10-10
player:michael-cullinane-fohenagh,full,9,2026-10-10
player:martin-curley-fohenagh,full,21,2026-10-10
player:padraig-daly-fohenagh,full,2,2026-10-10
player:albie-deeley-fohenagh,full,2,2026-10-10
player:oliver-deeley-fohenagh,full,8,2026-10-10
player:ollie-deeley,full,7,2026-10-10
player:francis-devine-fohenagh,full,3,2026-10-10
player:jimmy-devine-fohenagh,full,16,2026-10-10
player:john-devine,full,14,2026-10-10
player:niall-devine-fohenagh,full,7,2026-10-10
player:p-devine-fohenagh,full,5,2026-10-10
player:john-donelan-fohenagh,full,4,2026-10-10
player:richard-donelan-fohenagh,full,4,2026-10-10
player:m-dooley-fohenagh,full,8,2026-10-10
player:paddy-egan-fohenagh,full,6,2026-10-10
player:joe-fallon-fohenagh,full,13,2026-10-10
player:cathal-farragher-fohenagh,full,5,2026-10-10
player:n-farragher-fohenagh,full,46,2026-10-10
player:m-farrell-fohenagh-camogie,full,6,2026-10-10
player:david-faulkner-fohenagh,full,1,2026-10-10
player:j-fitzgerald-fohenagh,full,7,2026-10-10
player:paddy-fitzgerald-fohenagh,full,5,2026-10-10
player:peter-fitzgerald-fohenagh,full,10,2026-10-10
player:mike-flood-fohenagh,full,5,2026-10-10
player:gerard-gavin-fohenagh,full,6,2026-10-10
player:brendan-geraghty-fohenagh,full,22,2026-10-10
player:conor-geraghty-fohenagh,full,7,2026-10-10
player:t-gill-fohenagh,full,3,2026-10-10
player:cyril-glennon-fohenagh,full,5,2026-10-10
player:sean-glennon-fohenagh,full,12,2026-10-10
player:shane-glennon-fohenagh,full,5,2026-10-10
player:a-glynn-fohenagh-camogie,full,18,2026-10-10
player:albie-glynn-fohenagh,full,17,2026-10-10
player:damien-glynn-fohenagh,full,11,2026-10-10
player:frank-glynn-fohenagh,full,28,2026-10-10
player:j-glynn-fohenagh-camogie,full,15,2026-10-10
player:john-glynn-fohenagh,full,22,2026-10-10
player:m-glynn-fohenagh-camogie,full,12,2026-10-10
player:martin-glynn-fohenagh,full,17,2026-10-10
player:marty-glynn-fohenagh,full,10,2026-10-10
player:tim-glynn-fohenagh,full,16,2026-10-10
player:tommy-glynn-fohenagh,full,20,2026-10-10
player:eugene-hession-fohenagh,full,17,2026-10-10
player:raymond-higgins-fohenagh,full,9,2026-10-10
player:p-hopkins-fohenagh-camogie,full,5,2026-10-10
player:sean-keane-fohenagh,full,29,2026-10-10
player:c-kelly-fohenagh,full,22,2026-10-10
player:paul-kelly-fohenagh,full,82,2026-10-10
player:colm-kennedy-fohenagh,full,12,2026-10-10
player:luke-kennedy,full,14,2026-10-10
player:paddy-kennedy-fohenagh,full,10,2026-10-10
player:paul-kennedy-fohenagh,full,7,2026-10-10
player:pj-killalea-fohenagh,full,4,2026-10-10
player:tim-killalea,full,5,2026-10-10
player:paddy-killilea-fohenagh,full,5,2026-10-10
player:tom-killilea-fohenagh,full,6,2026-10-10
player:colm-kirwan-fohenagh,full,10,2026-10-10
player:tony-kirwan-fohenagh,full,17,2026-10-10
player:brendan-lally-fohenagh,full,8,2026-10-10
player:eric-lally-fohenagh,full,5,2026-10-10
player:g-lally-fohenagh,full,8,2026-10-10
player:pj-lally-fohenagh,full,13,2026-10-10
player:peter-lally-fohenagh,full,13,2026-10-10
player:mark-leonard-fohenagh,full,5,2026-10-10
player:niall-leonard,full,5,2026-10-10
player:paul-leonard-fohenagh,full,5,2026-10-10
player:padraic-leonard,full,10,2026-10-10
player:cathal-lohan-fohenagh,full,10,2026-10-10
player:cathal-lohan,full,7,2026-10-10
player:garry-lohan,full,5,2026-10-10
player:jason-lohan,full,23,2026-10-10
player:paddy-lohan-fohenagh,full,6,2026-10-10
player:philip-lohan,full,5,2026-10-10
player:seamus-lohan-fohenagh,full,20,2026-10-10
player:trevor-lohan,full,12,2026-10-10
player:brian-lynskey-fohenagh,full,10,2026-10-10
player:cormac-lyons-fohenagh,full,5,2026-10-10
player:fergus-lyons-fohenagh,full,9,2026-10-10
player:a-madden-fohenagh-camogie,full,10,2026-10-10
player:alan-madden,full,15,2026-10-10
player:bobby-madden-fohenagh,full,10,2026-10-10
player:frank-madden,full,16,2026-10-10
player:gerry-madden-fohenagh,full,9,2026-10-10
player:john-madden-fohenagh,full,35,2026-10-10
player:l-madden-fohenagh-camogie,full,5,2026-10-10
player:m-madden-fohenagh-camogie,full,9,2026-10-10
player:maureen-madden-fohenagh-camogie,full,9,2026-10-10
player:peter-madden-fohenagh,full,19,2026-10-10
player:liam-manning-fohenagh,full,19,2026-10-10
player:fonsie-mitchell-fohenagh,full,11,2026-10-10
player:garry-mitchell-fohenagh,full,6,2026-10-10
player:karl-mitchell-fohenagh,full,5,2026-10-10
player:alan-mochlair-fohenagh,none,0,2026-10-10
player:jim-mockler,full,5,2026-10-10
player:jimmy-mockler,full,5,2026-10-10
player:seamus-mockler,full,14,2026-10-10
player:jim-moclair-fohenagh,full,7,2026-10-10
player:sean-moclair,full,5,2026-10-10
player:seamus-moclair,full,6,2026-10-10
player:johnny-molloy,full,24,2026-10-10
player:jonathan-molloy-fohenagh,full,19,2026-10-10
player:kieran-molloy-fohenagh,full,6,2026-10-10
player:mick-moylette-fohenagh,full,5,2026-10-10
player:tom-moylette-fohenagh,full,5,2026-10-10
player:keith-murphy-fohenagh,full,9,2026-10-10
player:aidan-murray-fohenagh,full,23,2026-10-10
player:fr-nicholas-murray,full,16,2026-10-10
player:james-murray-fohenagh,full,23,2026-10-10
player:liam-murray-fohenagh,full,7,2026-10-10
player:nicholas-murray,full,10,2026-10-10
player:k-naughton-fohenagh-camogie,full,6,2026-10-10
player:padraic-nolan,full,16,2026-10-10
player:brendan-noone-fohenagh,full,7,2026-10-10
player:sarah-noone-fohenagh,full,29,2026-10-10
player:damien-obeirne-fohenagh,full,5,2026-10-10
player:paul-obeirne-fohenagh,full,5,2026-10-10
player:enda-oconnell-fohenagh,full,5,2026-10-10
player:tony-ogorman,full,13,2026-10-10
player:damien-poland-fohenagh,full,5,2026-10-10
player:joe-rushe-fohenagh,full,9,2026-10-10
player:gerry-sweeney-fohenagh,full,29,2026-10-10
player:jim-sweeney,full,22,2026-10-10
player:john-sweeney-fohenagh,full,21,2026-10-10
player:patrick-sweeney-fohenagh,full,33,2026-10-10
player:tim-sweeney-fohenagh,full,103,2026-10-10
player:alan-moclair-ahascragh-fohenagh,full,5,2026-10-10
