player_id,name
player:aaron-kirwan-ahascragh-fohenagh,Aaron Kirwan
player:aaron-moclair-ahascragh-fohenagh,Adam Moclair
player:aidan-kennedy-ahascragh-fohenagh,Aidan Kennedy
player:alan-davis-ahascragh-fohenagh,Alan Davis
player:alan-harney-ahascragh-fohenagh,Alan Harney
player:alan-moclair-ahascragh-fohenagh,Alan Moclair
player:alan-smyth-ahascragh-fohenagh,Alan Smyth
player:andrew-fitzgerald-ahascragh-fohenagh,Andrew Fitzgerald
player:andrew-moclair-ahascragh-fohenagh,Andrew Moclair
player:anthony-griffin-ahascragh-fohenagh,Anthony Griffin
player:anthony-kelly-ahascragh-fohenagh,Anthony Kelly
player:benny-mcloughlin-ahascragh-fohenagh,Benny McLoughlin
player:brian-kilroy-ahascragh-fohenagh,Brian Kilroy
player:brian-laffey-ahascragh-fohenagh,Brian Laffey
player:cathal-brophy-ahascragh-fohenagh,Cathal Brophy
player:cathal-cosgrove-ahascragh-fohenagh,Cathal Cosgrove
player:cathal-delaney-ahascragh-fohenagh,Cathal Delaney
player:cathal-mannion,Cathal Mannion
player:cian-freyne-ahascragh-fohenagh,Cian Freyne
player:cian-kelly-ahascragh-fohenagh,Cian Kelly
player:ciaran-cosgrove-ahascragh-fohenagh,Ciaran Cosgrove
player:ciaran-molloy-ahascragh-fohenagh,Ciaran Molloy
player:colm-freyne,Colm Freyne
player:conor-kelly-ahascragh-fohenagh,Conor Kelly
player:cormac-dervin-ahascragh-fohenagh,Cormac Dervin
player:craig-naughton-ahascragh-fohenagh,Craig Naughton
player:daniel-lyons-ahascragh-fohenagh,Daniel Lyons
player:dara-leonard-ahascragh-fohenagh,Dara Leonard
player:daragh-butler-ahascragh-fohenagh,Daragh Butler
player:darragh-gavin,Darragh Gavin
player:darragh-glynn-ahascragh-fohenagh,Darragh Glynn
player:darren-cotton-ahascragh-fohenagh,Darren Cotton
player:darren-smyth-ahascragh-fohenagh,Darren Smyth
player:david-harney-ahascragh-fohenagh,David Harney
player:david-noone-ahascragh-fohenagh,David Noone
player:dean-lawless-ahascragh-fohenagh,Dean Lawless
player:declan-glynn-ahascragh-fohenagh,Declan Glynn
player:declan-leonard-ahascragh-fohenagh,Declan Leonard
player:diarmuid-obrien,Diarmuid O'Brien
player:donal-kelly-ahascragh-fohenagh,Donal Kelly
player:donal-mannion,Donal Mannion
player:emmet-brennan-ahascragh-fohenagh,Emmet Brennan
player:eoghain-delaney,Eoghain Delaney
player:eoghan-delaney,Eoghan Delaney
player:eoin-oceallaigh-ahascragh-fohenagh,Eoin O'Ceallaigh
player:fabian-carroll-ahascragh-fohenagh,Fabian Carroll
player:fergal-mulryan-ahascragh-fohenagh,Fergal Mulryan
player:finbarr-donnellan-ahascragh-fohenagh,Finbarr Donnellan
player:fintan-glynn-ahascragh-fohenagh,Fintan Glynn
player:francis-mitchell-ahascragh-fohenagh,Francis Mitchell
player:jack-finnerty-ahascragh-fohenagh,Jack Finnerty
player:jack-muldowney-ahascragh-fohenagh,Jack Muldowney
player:james-birch-ahascragh-fohenagh,James Birch
player:jamie-moclair-ahascragh-fohenagh,Jamie Moclair
player:joe-fitzgerald-ahascragh-fohenagh,Joe Fitzgerald
player:joe-hennelly-ahascragh-fohenagh,Joe Hennelly
player:john-finnerty-ahascragh-fohenagh,John Finnerty
player:john-kelly,John Kelly
player:john-sammon-ahascragh-fohenagh,John Sammon
player:jp-egan-ahascragh-fohenagh,JP Egan
player:julian-leonard-ahascragh-fohenagh,Julian Leonard
player:keith-landers-ahascragh-fohenagh,Keith Landers
player:kevin-harney-ahascragh-fohenagh,Kevin Harney
player:kevin-lally-ahascragh-fohenagh,Kevin Lally
player:laurence-tully,Laurence Tully
player:liam-cosgrove-ahascragh-fohenagh,Liam Cosgrove
player:liam-oconnor-ahascragh-fohenagh,Liam O'Connor
player:liam-tully-ahascragh-fohenagh,Liam Tully
player:liam-warde-ahascragh-fohenagh,Liam Warde
player:lorcan-donnellan-ahascragh-fohenagh,Lorcan Donnellan
player:luke-cosgrove,Luke Cosgrove
player:luke-murray,Luke Murray
player:marcus-devine-ahascragh-fohenagh,Marcus Devine
player:mark-gately-ahascragh-fohenagh,Mark Gately
player:mark-kelly,Mark Kelly
player:mark-kelly-jr-ahascragh-fohenagh,Mark Kelly Jr
player:mark-kelly-sr-ahascragh-fohenagh,Mark Kelly Sr
player:mark-rainey-ahascragh-fohenagh,Mark Rainey
player:matthew-cunniffe-ahascragh-fohenagh,Matthew Cunniffe
player:michael-kelly-ahascragh-fohenagh,Michael Kelly
player:michael-lyons-ahascragh-fohenagh,Michael Lyons
player:michael-whyte-ahascragh-fohenagh,Michael Whyte
player:mike-coen-fohenagh,Mike Coen
player:mike-glynn-fohenagh,Mike Glynn
player:mike-hennelly-ahascragh-fohenagh,Mike Hennelly
player:niall-bannerton-ahascragh-fohenagh,Niall Bannerton
player:niall-burke-ahascragh-fohenagh,Niall Burke
player:niall-glynn,Niall Glynn
player:nicholas-delaney-ahascragh-fohenagh,Nicholas Delaney
player:noel-higgins-ahascragh-fohenagh,Noel Higgins
player:noel-warde,Noel Warde
player:oisin-delaney-ahascragh-fohenagh,Oisin Delaney
player:owen-lynskey-ahascragh-fohenagh,Owen Lynskey
player:owen-naughton,Owen Naughton
player:padraic-gavin-ahascragh-fohenagh,Padraic Gavin
player:padraic-mannion,Pádraic Mannion
player:padraig-gavin-ahascragh-fohenagh,Padraig Gavin
player:paul-gavin,Paul Gavin
player:peter-birch-ahascragh-fohenagh,Peter Birch
player:phelim-oconnell-ahascragh-fohenagh,Phelim O'Connell
player:robert-greene,Robert Greene
player:ronan-kelly-ahascragh-fohenagh,Ronan Kelly
player:ronan-kennedy-ahascragh-fohenagh,Ronan Kennedy
player:ross-hannon-ahascragh-fohenagh,Ross Hannon
player:ryan-kennedy-ahascragh-fohenagh,Ryan Kennedy
player:ryan-leonard-ahascragh-fohenagh,Ryan Leonard
player:ryan-moclair-ahascragh-fohenagh,Ryan Moclair
player:seamus-mochlair-ahascragh-fohenagh,Seamus Mochlair
player:seamus-quigley-ahascragh-fohenagh,Seamus Quigley
player:sean-bleahene,Seán Bleahene
player:sean-kelly-ahascragh-fohenagh,Sean Kelly
player:shane-bannerton-ahascragh-fohenagh,Shane Bannerton
player:shane-connelly-ahascragh-fohenagh,Shane Connelly
player:shane-hogan-ahascragh-fohenagh,Shane Hogan
player:shane-pender-ahascragh-fohenagh,Shane Pender
player:simon-doyle-ahascragh-fohenagh,Simon Doyle
player:stephen-kelly-ahascragh-fohenagh,Stephen Kelly
player:stephen-smyth-ahascragh-fohenagh,Stephen Smyth
player:thomas-mannion,Thomas Mannion
player:tony-kirwan,Tony Kirwan
player:trevor-barrett-ahascragh-fohenagh,Trevor Barrett
player:william-lyons-ahascragh-fohenagh,William Lyons
player:willie-mulrooney-ahascragh-fohenagh,Willie Mulrooney
